building_id,building_group,primaryspaceusage,sqm,site
Bear_assembly_Beatrice,train_building,Entertainment/public assembly,2802.0,Bear
Bear_assembly_Jose,train_building,Entertainment/public assembly,3361.2,Bear
Bear_assembly_Ruby,train_building,Entertainment/public assembly,11538.3,Bear
Bear_education_Alfredo,train_building,Education,609.8,Bear
Bear_education_Alvaro,train_building,Education,10181.1,Bear
Bear_education_Arnold,train_building,Education,186.7,Bear
Bear_education_Augusta,train_building,Education,14017.9,Bear
Bear_education_Austin,train_building,Education,2031.4,Bear
Bear_education_Babara,train_building,Education,8749.1,Bear
Bear_education_Bulah,train_building,Education,20504.0,Bear
Bear_education_Chana,train_building,Education,3781.7,Bear
Bear_education_Danna,train_building,Education,9663.4,Bear
Bear_education_Darrell,train_building,Education,5234.4,Bear
Bear_education_Deena,train_building,Education,1716.3,Bear
Bear_education_Elise,train_building,Education,20664.8,Bear
Bear_education_Gavin,train_building,Education,7158.6,Bear
Bear_education_Herman,train_building,Education,371.6,Bear
Bear_education_Holly,train_building,Education,722.9,Bear
Bear_education_Irene,train_building,Education,2415.1,Bear
Bear_education_Iris,train_building,Education,5456.5,Bear
Bear_education_Laurette,train_building,Education,4079.4,Bear
Bear_education_Leonel,train_building,Education,6988.9,Bear
Bear_education_Lewis,train_building,Education,4588.3,Bear
Bear_education_Lidia,train_building,Education,2824.3,Bear
Bear_education_Lila,train_building,Education,11483.9,Bear
Bear_education_Lorie,train_building,Education,11212.8,Bear
Bear_education_Marie,train_building,Education,4739.9,Bear
Bear_education_Marsha,train_building,Education,10304.7,Bear
Bear_education_Maryjane,train_building,Education,7998.1,Bear
Bear_education_Millie,train_building,Education,661.7,Bear
Bear_education_Oscar,train_building,Education,2186.3,Bear
Bear_education_Owen,train_building,Education,17949.0,Bear
Bear_assembly_Genia,validation_building,Entertainment/public assembly,24256.1,Bear
Bear_education_Benita,validation_building,Education,13142.2,Bear
Bear_education_Bonita,validation_building,Education,389.2,Bear
Bear_education_Chun,validation_building,Education,4292.5,Bear
Bear_education_Clint,validation_building,Education,3836.6,Bear
Bear_education_Katy,validation_building,Education,13752.6,Bear
Bear_education_Mara,validation_building,Education,11903.3,Bear
Bear_assembly_Roxy,test_unseen_building,Entertainment/public assembly,1106.5,Bear
Bear_education_Bob,test_unseen_building,Education,28360.3,Bear
Bear_education_Chad,test_unseen_building,Education,39101.5,Bear
Bear_education_Curtis,test_unseen_building,Education,4104.6,Bear
Bear_education_Derek,test_unseen_building,Education,6331.0,Bear
Bear_education_Fannie,test_unseen_building,Education,10788.0,Bear
Bear_education_Herb,test_unseen_building,Education,2212.5,Bear
Bear_education_Lashanda,test_unseen_building,Education,10945.3,Bear
Bear_education_Marta,test_unseen_building,Education,4455.1,Bear
