building_id,rows,target_nonnull,weather_nonnull,start,end,site,primaryspaceusage,sqm,target_missing_pct,weather_missing_pct,duration_days,expected_two_year_hours,row_coverage_pct,exclusion_reason
Bear_assembly_Angel,17544,14435,17542,2016-01-01,2017-12-31 23:00:00,Bear,Entertainment/public assembly,22117.0,17.721158230734158,0.01139990880072439,731,17520,100.13698630136987,target_miss=17.7%
Bear_assembly_Danial,17544,12187,17542,2016-01-01,2017-12-31 23:00:00,Bear,Entertainment/public assembly,7680.3,30.534655722754223,0.01139990880072439,731,17520,100.13698630136987,target_miss=30.5%
Bear_assembly_Diana,17544,15278,17542,2016-01-01,2017-12-31 23:00:00,Bear,Entertainment/public assembly,121.2,12.91609667122663,0.01139990880072439,731,17520,100.13698630136987,target_miss=12.9%
Bear_assembly_Harry,17544,11426,17542,2016-01-01,2017-12-31 23:00:00,Bear,Entertainment/public assembly,5511.6,34.87232102143183,0.01139990880072439,731,17520,100.13698630136987,target_miss=34.9%
Bear_education_Benjamin,17544,9431,17542,2016-01-01,2017-12-31 23:00:00,Bear,Education,786.2,46.243730050159606,0.01139990880072439,731,17520,100.13698630136987,target_miss=46.2%
Bear_education_Carlo,17544,11996,17542,2016-01-01,2017-12-31 23:00:00,Bear,Education,1314.6,31.623347013223892,0.01139990880072439,731,17520,100.13698630136987,target_miss=31.6%
Bear_education_Deborah,17544,9072,17542,2016-01-01,2017-12-31 23:00:00,Bear,Education,791.2,48.29001367989056,0.01139990880072439,731,17520,100.13698630136987,target_miss=48.3%
Bear_education_Destiny,17544,15965,17542,2016-01-01,2017-12-31 23:00:00,Bear,Education,5157.6,9.000227998176014,0.01139990880072439,731,17520,100.13698630136987,target_miss=9.0%
Bear_education_Liliana,17544,15416,17542,2016-01-01,2017-12-31 23:00:00,Bear,Education,19143.0,12.129502963976291,0.01139990880072439,731,17520,100.13698630136987,target_miss=12.1%
Bear_education_Merrill,17544,14317,17542,2016-01-01,2017-12-31 23:00:00,Bear,Education,3235.3,18.393752849977197,0.01139990880072439,731,17520,100.13698630136987,target_miss=18.4%
Bear_education_Nanette,17544,15905,17542,2016-01-01,2017-12-31 23:00:00,Bear,Education,6150.5,9.3422252621979,0.01139990880072439,731,17520,100.13698630136987,target_miss=9.3%
Bear_education_Paola,13480,13478,13479,2016-01-01,2017-07-15 15:00:00,Bear,Education,12802.6,0.014836795252226587,0.007418397626113293,562,17520,76.9406392694064,coverage=76.9%
