building_id,samples,target_mean,target_std,target_max,XGB_RMSE,Wasserstein_Dist,Extrapolating
Bear_assembly_Roxy,15674,14.960101320658415,9.646864806924667,74.908,3.687102350025089,130.52920292712696,False
Bear_education_Bob,17362,128.7446405195254,49.66739409830371,268.901,8.31061084121206,104.66891117568402,False
Bear_education_Chad,17261,1003.3261427495511,164.93875763959997,1703.9808,298.87820879997076,859.7795481645502,False
Bear_education_Curtis,17087,68.8465213554164,10.668566946591742,111.25,2.753414049850328,116.99026987325895,False
Bear_education_Derek,16975,185.12075939911637,24.65892314103936,279.024,9.104477784956938,155.75816002596318,False
Bear_education_Fannie,15942,426.27570406473467,53.126092927421766,631.0517,21.496044810789172,327.2287764122151,False
Bear_education_Herb,17229,12.917630889778863,4.719275067723438,30.3127,1.4264059040198793,132.79476177776672,False
Bear_education_Lashanda,17240,73.9815319025522,34.94058722055951,179.65,9.221956122578252,96.4735425765031,False
Bear_education_Marta,17318,42.021182578819726,23.049953105709267,103.0,5.2248656112789655,108.60148658173887,False
