Model,Feature_Set,Eval_Set,MAE,RMSE,NRMSE_mean,R2
LinearRegression,Baseline,validation,6.568769397610485,12.899013469581035,0.0864038025475052,0.9977424739581576
LinearRegression,Baseline,temporal_test_seen_buildings,6.331340675648431,11.747360536683354,0.0811245507782878,0.9978793994377676
LinearRegression,Baseline,unseen_building_test,7.212210961343891,15.121882148433343,0.0694225629869958,0.9976406046704662
LinearRegression,Baseline,joint_shift_test,7.282662188581301,13.997714526953084,0.062479310879449,0.9980561051268456
XGBoost_Default,Demand+Calendar,validation,5.650101398864614,16.18598918634393,0.10842154843786987,0.9964453383551045
XGBoost_Default,Demand+Calendar+Weather,validation,5.682630989841312,14.72057322956185,0.09860548682367302,0.9970598518094046
XGBoost_Default,Demand+Calendar,temporal_test_seen_buildings,5.08588765607587,12.221899216042647,0.08440160497865326,0.997704614294166
XGBoost_Default,Demand+Calendar+Weather,temporal_test_seen_buildings,5.3304010720961115,12.447086645377992,0.08595669720457935,0.9976192504988467
XGBoost_Default,Demand+Calendar,unseen_building_test,32.392315936928625,98.86479228353122,0.45387519900826445,0.899150828742938
XGBoost_Default,Demand+Calendar+Weather,unseen_building_test,33.368921087960814,101.08893342030527,0.4640859371058142,0.8945622217716336
XGBoost_Default,Demand+Calendar,joint_shift_test,35.683996245834955,104.98136844402156,0.4685881786583167,0.8906590182175043
XGBoost_Default,Demand+Calendar+Weather,joint_shift_test,36.81097462402998,107.26520325751768,0.4787821588995178,0.8858499173862096
XGBoost_Optuna,Demand+Calendar+Weather,validation,5.562370536058688,14.134256397137138,0.09467805439338896,0.9972893982976905
XGBoost_Optuna,Demand+Calendar+Weather,temporal_test_seen_buildings,5.229435513046411,11.880399087787337,0.08204328419596095,0.997831095968166
XGBoost_Optuna,Demand+Calendar+Weather,unseen_building_test,32.719806239602356,99.63370392006567,0.45740517074027387,0.8975760386584426
XGBoost_Optuna,Demand+Calendar+Weather,joint_shift_test,36.14043232968918,105.69941181709129,0.4717931915227073,0.8891581792174424
LSTM,Demand+Calendar+Weather,validation,6.813606487470268,12.361549859014799,0.08280361251798489,0.9979266833942303
Transformer,Demand+Calendar+Weather,validation,17.854813878435365,25.421202918610756,0.17028345638056386,0.9912317692401741
LSTM,Demand+Calendar+Weather,temporal_test_seen_buildings,7.156634805570245,12.270520804935723,0.08473737440913598,0.9976863147984449
Transformer,Demand+Calendar+Weather,temporal_test_seen_buildings,13.192989029341833,19.393048275916804,0.13392389930424142,0.9942207639457996
LSTM,Demand+Calendar+Weather,unseen_building_test,8.192096172092137,15.860457543269147,0.07281326504149808,0.9974045035414852
Transformer,Demand+Calendar+Weather,unseen_building_test,18.528253034844553,28.307744437703736,0.12995711459435402,0.9917320174854938
LSTM,Demand+Calendar+Weather,joint_shift_test,8.438635421494107,14.998618299910527,0.06694688148682264,0.9977681704891078
Transformer,Demand+Calendar+Weather,joint_shift_test,12.964535556069912,25.970718168829382,0.11592125065191264,0.9933084546016641
