building_id,rows,target_nonnull,weather_nonnull,start,end,site,primaryspaceusage,sqm,target_missing_pct,weather_missing_pct,duration_days,expected_two_year_hours,row_coverage_pct
Bear_assembly_Angel,17544,14435,17542,2016-01-01,2017-12-31 23:00:00,Bear,Entertainment/public assembly,22117.0,17.721158230734158,0.01139990880072439,731,17520,100.13698630136987
Bear_assembly_Beatrice,17544,17505,17542,2016-01-01,2017-12-31 23:00:00,Bear,Entertainment/public assembly,2802.0,0.22229822161422552,0.01139990880072439,731,17520,100.13698630136987
Bear_assembly_Danial,17544,12187,17542,2016-01-01,2017-12-31 23:00:00,Bear,Entertainment/public assembly,7680.3,30.534655722754223,0.01139990880072439,731,17520,100.13698630136987
Bear_assembly_Diana,17544,15278,17542,2016-01-01,2017-12-31 23:00:00,Bear,Entertainment/public assembly,121.2,12.91609667122663,0.01139990880072439,731,17520,100.13698630136987
Bear_assembly_Genia,17544,17377,17542,2016-01-01,2017-12-31 23:00:00,Bear,Entertainment/public assembly,24256.1,0.9518923848609195,0.01139990880072439,731,17520,100.13698630136987
Bear_assembly_Harry,17544,11426,17542,2016-01-01,2017-12-31 23:00:00,Bear,Entertainment/public assembly,5511.6,34.87232102143183,0.01139990880072439,731,17520,100.13698630136987
Bear_assembly_Jose,17544,17505,17542,2016-01-01,2017-12-31 23:00:00,Bear,Entertainment/public assembly,3361.2,0.22229822161422552,0.01139990880072439,731,17520,100.13698630136987
Bear_assembly_Roxy,17544,17065,17542,2016-01-01,2017-12-31 23:00:00,Bear,Entertainment/public assembly,1106.5,2.730278157774735,0.01139990880072439,731,17520,100.13698630136987
Bear_assembly_Ruby,17544,17504,17542,2016-01-01,2017-12-31 23:00:00,Bear,Entertainment/public assembly,11538.3,0.22799817601458772,0.01139990880072439,731,17520,100.13698630136987
Bear_education_Alfredo,17544,17490,17542,2016-01-01,2017-12-31 23:00:00,Bear,Education,609.8,0.30779753761970285,0.01139990880072439,731,17520,100.13698630136987
Bear_education_Alvaro,17544,17481,17542,2016-01-01,2017-12-31 23:00:00,Bear,Education,10181.1,0.3590971272229848,0.01139990880072439,731,17520,100.13698630136987
Bear_education_Arnold,17544,17106,17542,2016-01-01,2017-12-31 23:00:00,Bear,Education,186.7,2.496580027359785,0.01139990880072439,731,17520,100.13698630136987
Bear_education_Augusta,17544,17476,17542,2016-01-01,2017-12-31 23:00:00,Bear,Education,14017.9,0.3875968992248069,0.01139990880072439,731,17520,100.13698630136987
Bear_education_Austin,17544,17505,17542,2016-01-01,2017-12-31 23:00:00,Bear,Education,2031.4,0.22229822161422552,0.01139990880072439,731,17520,100.13698630136987
Bear_education_Babara,17544,17347,17542,2016-01-01,2017-12-31 23:00:00,Bear,Education,8749.1,1.122891016871863,0.01139990880072439,731,17520,100.13698630136987
Bear_education_Benita,17544,17139,17542,2016-01-01,2017-12-31 23:00:00,Bear,Education,13142.2,2.3084815321477437,0.01139990880072439,731,17520,100.13698630136987
Bear_education_Benjamin,17544,9431,17542,2016-01-01,2017-12-31 23:00:00,Bear,Education,786.2,46.243730050159606,0.01139990880072439,731,17520,100.13698630136987
Bear_education_Bob,17544,17542,17542,2016-01-01,2017-12-31 23:00:00,Bear,Education,28360.3,0.01139990880072439,0.01139990880072439,731,17520,100.13698630136987
Bear_education_Bonita,17544,17336,17542,2016-01-01,2017-12-31 23:00:00,Bear,Education,389.2,1.1855905152758806,0.01139990880072439,731,17520,100.13698630136987
Bear_education_Bulah,17544,17503,17542,2016-01-01,2017-12-31 23:00:00,Bear,Education,20504.0,0.23369813041496101,0.01139990880072439,731,17520,100.13698630136987
Bear_education_Carlo,17544,11996,17542,2016-01-01,2017-12-31 23:00:00,Bear,Education,1314.6,31.623347013223892,0.01139990880072439,731,17520,100.13698630136987
Bear_education_Chad,17544,17519,17542,2016-01-01,2017-12-31 23:00:00,Bear,Education,39101.5,0.1424988600091215,0.01139990880072439,731,17520,100.13698630136987
Bear_education_Chana,17544,17505,17542,2016-01-01,2017-12-31 23:00:00,Bear,Education,3781.7,0.22229822161422552,0.01139990880072439,731,17520,100.13698630136987
Bear_education_Chun,17544,17471,17542,2016-01-01,2017-12-31 23:00:00,Bear,Education,4292.5,0.41609667122662897,0.01139990880072439,731,17520,100.13698630136987
Bear_education_Clint,17544,17497,17542,2016-01-01,2017-12-31 23:00:00,Bear,Education,3836.6,0.2678978568171453,0.01139990880072439,731,17520,100.13698630136987
Bear_education_Curtis,17544,17467,17542,2016-01-01,2017-12-31 23:00:00,Bear,Education,4104.6,0.43889648882808885,0.01139990880072439,731,17520,100.13698630136987
Bear_education_Danna,17544,17541,17542,2016-01-01,2017-12-31 23:00:00,Bear,Education,9663.4,0.017099863201097687,0.01139990880072439,731,17520,100.13698630136987
Bear_education_Darrell,17544,17542,17542,2016-01-01,2017-12-31 23:00:00,Bear,Education,5234.4,0.01139990880072439,0.01139990880072439,731,17520,100.13698630136987
Bear_education_Deborah,17544,9072,17542,2016-01-01,2017-12-31 23:00:00,Bear,Education,791.2,48.29001367989056,0.01139990880072439,731,17520,100.13698630136987
Bear_education_Deena,17544,16969,17542,2016-01-01,2017-12-31 23:00:00,Bear,Education,1716.3,3.277473780209761,0.01139990880072439,731,17520,100.13698630136987
Bear_education_Derek,17544,17475,17542,2016-01-01,2017-12-31 23:00:00,Bear,Education,6331.0,0.3932968536251691,0.01139990880072439,731,17520,100.13698630136987
Bear_education_Destiny,17544,15965,17542,2016-01-01,2017-12-31 23:00:00,Bear,Education,5157.6,9.000227998176014,0.01139990880072439,731,17520,100.13698630136987
Bear_education_Elise,17544,17542,17542,2016-01-01,2017-12-31 23:00:00,Bear,Education,20664.8,0.01139990880072439,0.01139990880072439,731,17520,100.13698630136987
Bear_education_Fannie,17544,17112,17542,2016-01-01,2017-12-31 23:00:00,Bear,Education,10788.0,2.4623803009575895,0.01139990880072439,731,17520,100.13698630136987
Bear_education_Gavin,17544,17533,17542,2016-01-01,2017-12-31 23:00:00,Bear,Education,7158.6,0.06269949840401745,0.01139990880072439,731,17520,100.13698630136987
Bear_education_Herb,17544,17503,17542,2016-01-01,2017-12-31 23:00:00,Bear,Education,2212.5,0.23369813041496101,0.01139990880072439,731,17520,100.13698630136987
Bear_education_Herman,17544,17505,17542,2016-01-01,2017-12-31 23:00:00,Bear,Education,371.6,0.22229822161422552,0.01139990880072439,731,17520,100.13698630136987
Bear_education_Holly,17544,17387,17542,2016-01-01,2017-12-31 23:00:00,Bear,Education,722.9,0.8948928408572754,0.01139990880072439,731,17520,100.13698630136987
Bear_education_Irene,17544,17505,17542,2016-01-01,2017-12-31 23:00:00,Bear,Education,2415.1,0.22229822161422552,0.01139990880072439,731,17520,100.13698630136987
Bear_education_Iris,17544,17542,17542,2016-01-01,2017-12-31 23:00:00,Bear,Education,5456.5,0.01139990880072439,0.01139990880072439,731,17520,100.13698630136987
Bear_education_Katy,17544,17539,17542,2016-01-01,2017-12-31 23:00:00,Bear,Education,13752.6,0.028499772001822077,0.01139990880072439,731,17520,100.13698630136987
Bear_education_Lashanda,17544,17505,17542,2016-01-01,2017-12-31 23:00:00,Bear,Education,10945.3,0.22229822161422552,0.01139990880072439,731,17520,100.13698630136987
Bear_education_Laurette,17544,17490,17542,2016-01-01,2017-12-31 23:00:00,Bear,Education,4079.4,0.30779753761970285,0.01139990880072439,731,17520,100.13698630136987
Bear_education_Leonel,17544,17540,17542,2016-01-01,2017-12-31 23:00:00,Bear,Education,6988.9,0.022799817601459882,0.01139990880072439,731,17520,100.13698630136987
Bear_education_Lewis,17544,17505,17542,2016-01-01,2017-12-31 23:00:00,Bear,Education,4588.3,0.22229822161422552,0.01139990880072439,731,17520,100.13698630136987
Bear_education_Lidia,17544,17505,17542,2016-01-01,2017-12-31 23:00:00,Bear,Education,2824.3,0.22229822161422552,0.01139990880072439,731,17520,100.13698630136987
Bear_education_Lila,17544,17542,17542,2016-01-01,2017-12-31 23:00:00,Bear,Education,11483.9,0.01139990880072439,0.01139990880072439,731,17520,100.13698630136987
Bear_education_Liliana,17544,15416,17542,2016-01-01,2017-12-31 23:00:00,Bear,Education,19143.0,12.129502963976291,0.01139990880072439,731,17520,100.13698630136987
Bear_education_Lorie,17544,17488,17542,2016-01-01,2017-12-31 23:00:00,Bear,Education,11212.8,0.31919744642042724,0.01139990880072439,731,17520,100.13698630136987
Bear_education_Mara,17544,17233,17542,2016-01-01,2017-12-31 23:00:00,Bear,Education,11903.3,1.772685818513453,0.01139990880072439,731,17520,100.13698630136987
Bear_education_Marie,17544,17542,17542,2016-01-01,2017-12-31 23:00:00,Bear,Education,4739.9,0.01139990880072439,0.01139990880072439,731,17520,100.13698630136987
Bear_education_Marsha,17544,17501,17542,2016-01-01,2017-12-31 23:00:00,Bear,Education,10304.7,0.2450980392156854,0.01139990880072439,731,17520,100.13698630136987
Bear_education_Marta,17544,17534,17542,2016-01-01,2017-12-31 23:00:00,Bear,Education,4455.1,0.056999544003644154,0.01139990880072439,731,17520,100.13698630136987
Bear_education_Maryjane,17544,17537,17542,2016-01-01,2017-12-31 23:00:00,Bear,Education,7998.1,0.03989968080255757,0.01139990880072439,731,17520,100.13698630136987
Bear_education_Merrill,17544,14317,17542,2016-01-01,2017-12-31 23:00:00,Bear,Education,3235.3,18.393752849977197,0.01139990880072439,731,17520,100.13698630136987
Bear_education_Millie,17544,17159,17542,2016-01-01,2017-12-31 23:00:00,Bear,Education,661.7,2.1944824441404442,0.01139990880072439,731,17520,100.13698630136987
Bear_education_Nanette,17544,15905,17542,2016-01-01,2017-12-31 23:00:00,Bear,Education,6150.5,9.3422252621979,0.01139990880072439,731,17520,100.13698630136987
Bear_education_Oscar,17544,17502,17542,2016-01-01,2017-12-31 23:00:00,Bear,Education,2186.3,0.2393980848153232,0.01139990880072439,731,17520,100.13698630136987
Bear_education_Owen,17544,17537,17542,2016-01-01,2017-12-31 23:00:00,Bear,Education,17949.0,0.03989968080255757,0.01139990880072439,731,17520,100.13698630136987
Bear_education_Paola,13480,13478,13479,2016-01-01,2017-07-15 15:00:00,Bear,Education,12802.6,0.014836795252226587,0.007418397626113293,562,17520,76.9406392694064
