model,eval_set,N,MAE,RMSE,NRMSE_mean,R2
Persistence_1h,validation,82657,6.320911805412731,15.449266407646098,0.10348662456536037,0.9967615626420593
SeasonalNaive_24h,validation,82657,12.557737879429448,29.157207502816917,0.19530901381343072,0.9884651584933538
SeasonalNaive_168h,validation,82657,12.78880290840461,32.69590686142576,0.21901292585114357,0.985495373452453
LinearRegression,validation,82657,6.568769397610485,12.899013469581037,0.08640380254750525,0.9977424739581576
Persistence_1h,temporal_test_seen_buildings,80415,6.236204908288254,14.53660676866051,0.10038643917207543,0.996752834968463
SeasonalNaive_24h,temporal_test_seen_buildings,80415,12.320400171609775,28.677963626341786,0.198043374012244,0.9873621005498413
SeasonalNaive_168h,temporal_test_seen_buildings,80415,13.093106643039235,32.669453811517506,0.22560768066625145,0.9835993136178328
LinearRegression,temporal_test_seen_buildings,80415,6.331340675648431,11.747360536683354,0.08112455077828788,0.9978793994377677
Persistence_1h,unseen_building_test,152088,7.842359399821157,17.970840118957607,0.0825017526152866,0.9966678405268086
SeasonalNaive_24h,unseen_building_test,152088,14.696153243516909,33.70562057427387,0.1547380507508936,0.9882782171298052
SeasonalNaive_168h,unseen_building_test,152088,17.14266925069696,41.112473947663716,0.18874193596850664,0.9825604112364791
LinearRegression,unseen_building_test,152088,7.212210961343891,15.121882148433343,0.06942256298699584,0.9976406046704662
Persistence_1h,joint_shift_test,22461,7.94910908240951,17.005421607764173,0.07590432146774695,0.9971309817066641
SeasonalNaive_24h,joint_shift_test,22461,15.06544168113619,31.910250390652298,0.14243257001417117,0.9898977308732849
SeasonalNaive_168h,joint_shift_test,22461,18.558626601665107,39.54382438787078,0.1765053068152487,0.984486283614836
LinearRegression,joint_shift_test,22461,7.282662188581301,13.997714526953084,0.062479310879449065,0.9980561051268457
