eval_set,building_id,N,MAE,RMSE,NRMSE_mean,R2
validation,Bear_assembly_Beatrice,2606,4.525694693165933,6.593770545545534,0.17536821628604557,0.6647218800672202
validation,Bear_assembly_Jose,2606,13.926451383563519,18.434987898638287,0.0671933685779617,0.9475655786794414
validation,Bear_assembly_Ruby,2606,2.9121176215334366,3.716312950017217,0.055883744199731446,0.8879663120209771
validation,Bear_education_Alfredo,2606,2.3526605966628606,2.7921816744601404,19.925285762011704,-2306.4776894216493
validation,Bear_education_Alvaro,2566,9.414809447389356,13.857773867316435,0.03295671503948943,0.9399593965223559
validation,Bear_education_Arnold,2407,2.398101426987714,2.8441605123089664,6.102792140138248,-166.9975355673444
validation,Bear_education_Augusta,2546,8.260455209365604,13.488727690782717,0.11366998567000108,0.9439382652812982
validation,Bear_education_Austin,2606,3.1474536499490853,4.157313055886914,0.20683751873007122,0.9254269209746293
validation,Bear_education_Babara,2369,8.202923122535822,13.707971000112888,0.03486765774831473,0.7993253660999101
validation,Bear_education_Bulah,2606,25.330945381669448,35.44281908643697,0.024327232015014195,0.9387756739190294
validation,Bear_education_Chana,2606,2.3190199164573375,2.8190185863984465,0.14155276676319478,0.5052580596281264
validation,Bear_education_Danna,2606,6.2730687178411255,9.236938861011398,0.08568695393489376,0.9479588683544192
validation,Bear_education_Darrell,2606,3.983768480939704,6.016743284808919,0.17917317051411633,0.9020929938326553
validation,Bear_education_Deena,2606,2.282499592811234,2.773049718169275,0.33487443172141607,-0.1035684339368832
validation,Bear_education_Elise,2606,10.127698363271074,15.146101861285873,0.11156563309588313,0.8808476963023149
validation,Bear_education_Gavin,2599,3.5445436151426666,4.526170053737215,0.04789827094232926,0.6600680485817043
validation,Bear_education_Herman,2606,2.3497577339878357,2.7875033335675767,11.06015866992031,-501.92651195713745
validation,Bear_education_Holly,2583,2.353009920811585,2.7928889634424636,2.308598602600648,-152.49318412476396
validation,Bear_education_Irene,2606,7.328295318797208,11.728045934378171,0.13879711887409155,0.8584348866081521
validation,Bear_education_Iris,2606,3.8406610064610454,4.87713226708288,0.10980511447827694,0.9175339632834575
validation,Bear_education_Laurette,2606,2.5438077900148364,3.1371048980028853,0.0633701805865952,0.732142361895332
validation,Bear_education_Leonel,2606,18.487981625693248,28.70646340422457,0.22163299322112184,0.9000682095446019
validation,Bear_education_Lewis,2606,2.27150726744939,2.789442431552839,0.1229351696142785,0.8922549058118425
validation,Bear_education_Lidia,2606,2.242411762143252,2.7038687780491446,0.2470688020535859,0.5724868879403628
validation,Bear_education_Lila,2606,7.679948585701387,12.562391213707363,0.05911977506108984,0.8955292403990189
validation,Bear_education_Lorie,2569,12.500912736581148,18.07533114490119,0.04280363496060634,0.8994588348408956
validation,Bear_education_Marie,2606,2.5592938862601993,3.213696003783589,0.14714238868066737,0.9206820326339189
validation,Bear_education_Marsha,2515,3.807630284664191,4.985034767672429,0.0580082740388744,0.9458132462966917
validation,Bear_education_Maryjane,2583,17.999905250685064,26.476152887312143,0.07263023062602661,0.8754462717849751
validation,Bear_education_Millie,2606,2.3632315491943423,2.8071333310540987,0.9224213059185128,-62.51434503283033
validation,Bear_education_Oscar,2588,2.0952244670457847,2.5144863248054006,0.24159363778604856,0.6238925028828477
validation,Bear_education_Owen,2606,10.700064458835994,20.441230444090273,0.1451349428284861,0.8679443933598558
temporal_test_seen_buildings,Bear_assembly_Beatrice,2485,5.4415617066351984,7.605977150013436,0.18789248071727768,0.7911932354004743
temporal_test_seen_buildings,Bear_assembly_Jose,2485,13.25503893144045,17.502573132341364,0.06915669519754572,0.9487829850399764
temporal_test_seen_buildings,Bear_assembly_Ruby,2478,2.92022545047228,3.7437967048546907,0.04863605153456962,0.8522893167123612
temporal_test_seen_buildings,Bear_education_Alfredo,2485,2.289677825987204,2.7376353758311804,17.423203355806486,-1015.3634067435976
temporal_test_seen_buildings,Bear_education_Alvaro,2455,9.928185908930768,14.3683431492854,0.03498899530216949,0.9456142252785102
temporal_test_seen_buildings,Bear_education_Arnold,2219,2.2875500334849175,2.7481547487687874,5.1872353603564605,-54.00800814291679
temporal_test_seen_buildings,Bear_education_Augusta,2470,8.36444349189389,13.292333887886569,0.11009557141943008,0.9468300047746441
temporal_test_seen_buildings,Bear_education_Austin,2485,3.088454997707898,4.133520251607029,0.20953149942263202,0.9097901781062614
temporal_test_seen_buildings,Bear_education_Babara,2469,7.931761283905324,11.835786139424094,0.03276462644657559,0.876674380767529
temporal_test_seen_buildings,Bear_education_Bulah,2489,22.174164662398976,29.74425891677676,0.021565166330126152,0.9502744272385514
temporal_test_seen_buildings,Bear_education_Chana,2485,2.2647408534498212,2.738905552435338,0.12369836226437943,0.7663983170161986
temporal_test_seen_buildings,Bear_education_Danna,2600,7.501611366270056,10.960728746965833,0.10729512272149634,0.9534311017202691
temporal_test_seen_buildings,Bear_education_Darrell,2607,4.106850647271838,6.3883584597512035,0.197420532891165,0.8939100624524515
temporal_test_seen_buildings,Bear_education_Deena,2485,2.2225059663786118,2.698670248447763,0.3330238361535096,0.15649356378520163
temporal_test_seen_buildings,Bear_education_Elise,2607,11.996907063537254,16.709820160109402,0.10702496719078984,0.9078100395525448
temporal_test_seen_buildings,Bear_education_Gavin,2607,3.2996333068699775,4.172302977111989,0.04702373151113159,0.7922399288608163
temporal_test_seen_buildings,Bear_education_Herman,2485,2.288166774690892,2.733938608936254,10.030802480751207,-339.7138154310599
temporal_test_seen_buildings,Bear_education_Holly,2341,2.3040016679954407,2.7552422421275624,1.870382769716137,-48.8340627111606
temporal_test_seen_buildings,Bear_education_Irene,2485,5.712369672752781,9.612645163551516,0.12134080387810466,0.8541992059248862
temporal_test_seen_buildings,Bear_education_Iris,2607,3.9860070567903314,5.116740502056729,0.10957455704371466,0.9293905393010321
temporal_test_seen_buildings,Bear_education_Laurette,2607,2.5271476310927485,3.1541840503571774,0.06206298065753217,0.24526847816630581
temporal_test_seen_buildings,Bear_education_Leonel,2607,15.302698018329659,23.00163860312785,0.19187936163100067,0.9301570668558723
temporal_test_seen_buildings,Bear_education_Lewis,2485,2.162064053780044,2.63196864353689,0.11361774071601896,0.9282751504708082
temporal_test_seen_buildings,Bear_education_Lidia,2485,2.1872991700772895,2.6308373814280404,0.2275555607798525,0.7854341220258778
temporal_test_seen_buildings,Bear_education_Lila,2607,8.141040489729724,13.86292461433862,0.06743544755450556,0.9024375506943232
temporal_test_seen_buildings,Bear_education_Lorie,2478,12.013013251334932,16.2828984802533,0.04011522045517088,0.9209143906880632
temporal_test_seen_buildings,Bear_education_Marie,2607,2.567387143681057,3.207934200477403,0.14231493871077686,0.9340459780854972
temporal_test_seen_buildings,Bear_education_Marsha,2607,3.824458425329495,5.088843907214091,0.05812205781170792,0.9456862464135783
temporal_test_seen_buildings,Bear_education_Maryjane,2607,15.114843325230511,23.41464167083785,0.0693378354613004,0.894295137970059
temporal_test_seen_buildings,Bear_education_Millie,2404,2.31447497275327,2.7591264741019255,0.8981322314638928,-38.428038946023655
temporal_test_seen_buildings,Bear_education_Oscar,2485,2.096398973308371,2.5075252747544803,0.25881710172231337,0.5405578203340249
temporal_test_seen_buildings,Bear_education_Owen,2607,9.650022172384643,18.27115573332813,0.12391394388228788,0.8992099157625864
unseen_building_test,Bear_assembly_Roxy,15674,3.064854013124832,4.123718606345849,0.27564777256230233,0.8172717646931842
unseen_building_test,Bear_education_Bob,17362,6.850634936957822,9.542104487010025,0.0741165181595491,0.9630898689854679
unseen_building_test,Bear_education_Chad,17261,23.65126572151083,37.61287084437719,0.03748817980691854,0.9479971042960907
unseen_building_test,Bear_education_Curtis,17087,2.3804330186959644,2.980166428886069,0.04328710253203823,0.9219686963424443
unseen_building_test,Bear_education_Derek,16975,4.894822272838606,6.383025975637956,0.03448033595128189,0.9329953397161603
unseen_building_test,Bear_education_Fannie,15942,10.122265821707396,17.64141025978653,0.041384977120599596,0.8897316580283524
unseen_building_test,Bear_education_Herb,17229,2.1566913041533233,2.586615886867874,0.20023918541553515,0.6995907517072559
unseen_building_test,Bear_education_Lashanda,17240,7.5016743502038,11.006051698138522,0.14876755610624004,0.9007792060694171
unseen_building_test,Bear_education_Marta,17318,4.044766625151128,5.387881491674388,0.12821822616648787,0.9453618511367405
joint_shift_test,Bear_assembly_Roxy,2290,2.959229565175634,4.013695005304409,0.26067903164691947,0.8043362996838913
joint_shift_test,Bear_education_Bob,2607,7.003203878102201,9.362696150717172,0.06761163505643764,0.9668464600332469
joint_shift_test,Bear_education_Chad,2607,21.701740608072477,33.314306679537644,0.03251929799858644,0.9454497051875052
joint_shift_test,Bear_education_Curtis,2485,2.3697085690204585,2.9572909145634654,0.045898027537507796,0.9336419157240052
joint_shift_test,Bear_education_Derek,2558,6.168533272203189,8.285937482445187,0.04520409290354173,0.9469129625818817
joint_shift_test,Bear_education_Fannie,2381,10.76460808789866,16.53645145326304,0.039920703982750154,0.9291353916569254
joint_shift_test,Bear_education_Herb,2485,2.153368545478765,2.5903932947953385,0.20892437552853152,0.7014347884916257
joint_shift_test,Bear_education_Lashanda,2485,7.704122892884827,11.12233102032731,0.1338457813216015,0.9004638679780824
joint_shift_test,Bear_education_Marta,2563,3.968481253251334,5.211143722137717,0.11870983704447953,0.9504358549050622
